label,bestthr
Atelectasis,0.20849645137786865
Cardiomegaly,0.3986700475215912
Consolidation,0.06637652963399887
Edema,0.20912691950798035
Effusion,0.29667115211486816
Emphysema,0.13350410759449005
Fibrosis,0.5820688605308533
Hernia,0.022151628509163857
Infiltration,0.19044768810272217
Mass,0.1967477947473526
Nodule,0.16299277544021606
Pleural_Thickening,0.11846672743558884
Pneumonia,0.1543044149875641
Pneumothorax,0.14086052775382996
